{
  "random_forest": {
    "train": {
      "best_params": {
        "max_depth": 10,
        "min_samples_split": 2,
        "n_estimators": 100
      },
      "best_score": 1.0,
      "cv_results": {
        "mean_fit_time": [
          0.2272270679473877,
          0.45722084045410155,
          0.6953557968139649,
          0.22371196746826172,
          0.43771991729736326,
          0.6508899211883545,
          0.20833640098571776,
          0.44049825668334963,
          0.666998815536499,
          0.22691259384155274,
          0.4414360523223877,
          0.6558323860168457,
          0.2228189468383789,
          0.43460650444030763,
          0.6118329524993896,
          0.2149740219116211,
          0.40866808891296386,
          0.6445830345153809,
          0.2028657913208008,
          0.406114387512207,
          0.6332892417907715,
          0.21333370208740235,
          0.4287156105041504,
          0.6240118026733399,
          0.20509886741638184,
          0.39865803718566895,
          0.6572402954101563,
          0.22218022346496583,
          0.41176881790161135,
          0.6666464328765869,
          0.20966434478759766,
          0.42311711311340333,
          0.6113573551177979,
          0.20896492004394532,
          0.3936676025390625,
          0.46859135627746584
        ],
        "std_fit_time": [
          0.019531182085278646,
          0.020307465917300718,
          0.026203205711860498,
          0.015503091604783952,
          0.027186829890336384,
          0.026636811959015287,
          0.012339131373738887,
          0.009935393261336313,
          0.029632875120442347,
          0.021997090646642455,
          0.048626365670658735,
          0.052309851972718965,
          0.013377769149436555,
          0.010237500139820528,
          0.03189118015757078,
          0.0026007403564201046,
          0.02319846107757023,
          0.05849215680446522,
          0.014363007635324353,
          0.029930559638130808,
          0.060072485043064665,
          0.018842364482021534,
          0.023010669055772794,
          0.029914727323136242,
          0.01553576925580859,
          0.027381159475650414,
          0.05569964718907961,
          0.022860528498466502,
          0.045743205943377066,
          0.05488143288979725,
          0.020428484375629725,
          0.018219398613055,
          0.017469031701842698,
          0.01876322723024989,
          0.011637623220818658,
          0.02813624225244244
        ],
        "mean_score_time": [
          0.008169603347778321,
          0.01635909080505371,
          0.027292585372924803,
          0.008305740356445313,
          0.014871358871459961,
          0.028243112564086913,
          0.008247756958007812,
          0.020304155349731446,
          0.024454212188720702,
          0.010155820846557617,
          0.016279172897338868,
          0.025497293472290038,
          0.009276962280273438,
          0.016154384613037108,
          0.020810890197753906,
          0.009298229217529297,
          0.015958118438720702,
          0.023749303817749024,
          0.012326478958129883,
          0.014382410049438476,
          0.023342084884643555,
          0.009107160568237304,
          0.016576576232910156,
          0.023100662231445312,
          0.008868741989135741,
          0.016908884048461914,
          0.023409271240234376,
          0.010230350494384765,
          0.014377355575561523,
          0.023778963088989257,
          0.009337759017944336,
          0.015616941452026366,
          0.020316267013549806,
          0.008968257904052734,
          0.010682439804077149,
          0.0081695556640625
        ],
        "std_score_time": [
          0.0015826424146036663,
          0.005842838423119941,
          0.0030097750980610867,
          0.0012172646112963818,
          0.0021568911803544863,
          0.00253677323079643,
          0.0028708402545668814,
          0.005146652522331903,
          0.007578809749333801,
          0.005172302874130277,
          0.0029530289151778774,
          0.007361684429500404,
          0.002607549827315496,
          0.0033967533725377166,
          0.0052779146918559535,
          0.0024012487503334385,
          0.00248363036975072,
          0.004189943899278125,
          0.008001748131937044,
          0.002266757297152897,
          0.0052340399725142915,
          0.0027362354190247616,
          0.0027743969036470558,
          0.004297844027120755,
          0.0016454038137553358,
          0.0040066126888804905,
          0.005079188622420598,
          0.004115097844304927,
          0.0047385851289975245,
          0.004728272713093186,
          0.0014525314050453748,
          0.00354773832644602,
          0.004860634412700549,
          0.0021661353577729263,
          0.002536752204158757,
          0.0014895544183640274
        ],
        "param_max_depth": [
          10,
          10,
          10,
          10,
          10,
          10,
          10,
          10,
          10,
          20,
          20,
          20,
          20,
          20,
          20,
          20,
          20,
          20,
          30,
          30,
          30,
          30,
          30,
          30,
          30,
          30,
          30,
          null,
          null,
          null,
          null,
          null,
          null,
          null,
          null,
          null
        ],
        "param_min_samples_split": [
          2,
          2,
          2,
          5,
          5,
          5,
          10,
          10,
          10,
          2,
          2,
          2,
          5,
          5,
          5,
          10,
          10,
          10,
          2,
          2,
          2,
          5,
          5,
          5,
          10,
          10,
          10,
          2,
          2,
          2,
          5,
          5,
          5,
          10,
          10,
          10
        ],
        "param_n_estimators": [
          100,
          200,
          300,
          100,
          200,
          300,
          100,
          200,
          300,
          100,
          200,
          300,
          100,
          200,
          300,
          100,
          200,
          300,
          100,
          200,
          300,
          100,
          200,
          300,
          100,
          200,
          300,
          100,
          200,
          300,
          100,
          200,
          300,
          100,
          200,
          300
        ],
        "params": [
          {
            "max_depth": 10,
            "min_samples_split": 2,
            "n_estimators": 100
          },
          {
            "max_depth": 10,
            "min_samples_split": 2,
            "n_estimators": 200
          },
          {
            "max_depth": 10,
            "min_samples_split": 2,
            "n_estimators": 300
          },
          {
            "max_depth": 10,
            "min_samples_split": 5,
            "n_estimators": 100
          },
          {
            "max_depth": 10,
            "min_samples_split": 5,
            "n_estimators": 200
          },
          {
            "max_depth": 10,
            "min_samples_split": 5,
            "n_estimators": 300
          },
          {
            "max_depth": 10,
            "min_samples_split": 10,
            "n_estimators": 100
          },
          {
            "max_depth": 10,
            "min_samples_split": 10,
            "n_estimators": 200
          },
          {
            "max_depth": 10,
            "min_samples_split": 10,
            "n_estimators": 300
          },
          {
            "max_depth": 20,
            "min_samples_split": 2,
            "n_estimators": 100
          },
          {
            "max_depth": 20,
            "min_samples_split": 2,
            "n_estimators": 200
          },
          {
            "max_depth": 20,